년도별 산불통계,,,,,,,,,,,,,,,,,,,,,,,,,,,,,,
,,,,,,,,,,,,,,,,,,,,,,,,,,,,,,
발생일시_년,발생일시_월,발생일시_일,발생일시_시간,발생일시_요일,진화종료시간_년,진화종료시간_월,진화종료시간_일,진화종료시간_시간,발생장소_관서,발생장소_시도,발생장소_시군구,발생장소_읍면,발생장소_동리,발생원인_구분,발생원인_세부원인,발생원인_기타,피해면적_합계,log,log_scale,산,차선,최대차선,워드1,워드2,워드3,워드4,워드5,,,
2022,3,4,11:17,금,2022,3,13,18:00,경북,경북,울진,북,두천,도로,기타(직접입력),도로변발화추정,16301.98,9.699041852,14.30421204,경북 울진군 북면 두천리 산154번지,2,,아스팔트,전신주,가설건축물,건물,개천,,,
2022,3,5,1:08,토,2022,3,11,13:00,강원,강원,강릉,옥계,남양,방화,방화,방화,4190.38,8.340546701,12.94571689,강원 강릉시 옥계면 남양리 매봉산 (4반 2리),2,,아스팔트,전신주,수목 관리X,초화류 관리X,개천,,,
2020,4,24,15:39,금,2020,4,27,18:00,경북,경북,안동,풍천,인금,입,기타(직접입력),입산자실화추정,1944,7.572502985,12.17767317,경북 안동시 풍천면 인금리 656,2,,아스팔트,전신주,초화류 관리X,논밭,건물,,,
2019,4,4,19:17,목,2019,4,5,18:00,강원,강원,고성,토성,원암,기,기타(직접입력),"특고압 전선 아크 불티(고성:936.14,속초:330.48)",1266.62,7.144107214,11.7492774,강원 고성군 토성면 원암리 주유소,4,,아스팔트,전신주,주유소,초화류 관리X,수목 관리X,,,
2019,4,4,23:46,목,2019,4,5,21:30,강원,강원,강릉,옥계,남양,기,기타(직접입력),"신당 전기초 합선(강릉:1033.07,동해:227.08)",1260.15,7.13898604,11.74415623,강원 강릉시 옥계면 남양리 신당,2,,아스팔트,전신주,수목 관리X,초화류 관리X,소나무,,,
2022,2,28,14:20,월,2022,3,3,18:00,경남,경남,합천,율곡,노양,입,기타(직접입력),입산자실화추정(수사중),813.89,6.701825222,11.30699541,경남 합천군 율곡면 노양리 산83번지,1,,콘크리트,전신주,가설건축물,논밭,소나무,,,
2017,5,6,11:42,토,2017,5,9,11:20,강원,강원,삼척,도계,점,입,기타(직접입력),입산자실화,765.12,6.640032684,11.24520287,강원 삼척시 도계읍 점리 산83번지,1,-2,콘크리트,전신주,초화류 관리X,소나무,수로,,,
2022,4,10,15:40,일,2022,4,12,21:30,강원,강원,양구,양구,송청,쓰,쓰레기소각,생활쓰레기소각(낙엽),716.31,6.574113034,11.17928322,강원 양구군 양구읍 송청리 산43,2,,아스팔트,전신주,건물,인도,개천,,,
2022,5,31,9:29,화,2022,6,5,13:30,경남,경남,밀양,부북,춘화,미상,기타(직접입력),미상,660.82,6.493481488,11.09865167,경남 밀양시 부북면 춘화리 산 13-31,1,-2,아스팔트,전신주,건물,가설건축물,논밭,,,
2020,3,19,13:51,목,2020,3,20,18:00,울산,울산,울주,웅촌,대복,입,기타(직접입력),입산자실화,519,6.251903883,10.85707407,울산 울주군 웅촌면 대복리 산141,1,-4,아스팔트,전신주,건물,주차장,개천,,,
2022,2,15,4:01,화,2022,2,17,19:00,경북,경북,영덕,지품,삼화,기,기타(직접입력),반사필름에의한전신주스파크크,405.69,6.005589321,10.61075951,경북 영덕군 지품면 삼화리 산 5-1,1,,콘크리트,전신주,초화류 관리X,소나무,건물,,,
2018,3,28,6:19,수,2018,3,28,22:00,강원,강원,고성,간성,탑동,기,기타(직접입력),전선단락(추정),356.85,5.877315525,10.48248571,강원 고성군 간성읍 탑동리 산 16번지,1,-2,콘크리트,전신주,초화류 관리X,개천,논밭,,,
2019,4,4,14:45,목,2019,4,6,18:00,강원,강원,인제,남,남전,쓰,기타(직접입력),쓰레기 소각,344.93,5.843341498,10.44851168,강원 인제군 남면 남전리 503-2,1,-4,콘크리트,전신주,건물,논밭,개천,,,
2021,2,21,15:20,일,2021,2,23,7:20,경북,경북,안동,임동,망천,미상,기타(직접입력),미상,307,5.726847748,10.33201793,경북 안동시 임동면 망천리 산341번지,1,-2,콘크리트,전신주,초화류 관리X,논밭,호수,,,
2013,3,9,20:30,토,2013,3,10,12:00,울산,울산,울주,상북,향산,쓰,기타(직접입력),쓰레기소각,280,5.634789603,10.23995979,울산 울주군 상북면 향산리 능산마을,2,,아스팔트,전신주,축대,건물,논밭,,,
2017,5,6,15:32,토,2017,5,9,6:34,강원,강원,강릉,성산,어흘,입,기타(직접입력),입산자실화,252,5.529429088,10.13459927,강원 강릉시 성산면 어흘리 산 293-1,1,-3,아스팔트,전신주,수목 관리X,초화류 관리X,경계석,,,
2022,5,28,12:06,토,2022,5,29,11:40,경북,경북,울진,근남,행곡,작업,작업장실화,도로낙석방지망용접작업불꽃비화,228.76,5.432673419,10.03784361,경북 울진군 근남면 행곡리 산 27-6번지,2,,아스팔트,전신주,안전망,건물,개천,,,
2022,4,10,13:10,일,2022,4,13,0:00,경북,경북,군위,삼국유사,화북,입,기타(직접입력),입산자실화,225.72,5.419295293,10.02446548,대구 군위군 삼국유사면 화북리 산4,1,,콘크리트,전신주,가설건축물,건물,논밭,,,
2022,3,4,12:45,금,2022,3,11,17:00,강원,강원,영월,김삿갓,외룡,ash,기타(직접입력),화목보일러불씨,184.01,5.214990104,9.82016029,강원 영월군 김삿갓면 외룡리 산5 (운교산),2,,아스팔트,전신주,논밭,건물,소나무,,,
2018,2,11,16:14,일,2018,2,13,21:00,강원,강원,삼척,노곡,하마읍,화재,주택화재비화,주택화재 비화,161.14,5.082273552,9.687443738,강원 삼척시 노곡 하마읍 산66,2,,아스팔트,전신주,소나무,초화류 관리X,개천,,,
2017,3,9,10:28,목,2017,3,10,22:30,강원,강원,강릉,옥계,산계,입,기타(직접입력),입산자실화,160.41,5.077733038,9.682903224,강원 강릉시 옥계면 산계리 산98,1,-2,콘크리트,전신주,수목 관리X,초화류 관리X,건물,,,
2022,4,9,10:31,토,2022,4,10,9:00,충남,충남,서산,운산,고풍,쓰,쓰레기소각,쓰레기소각,158.11,5.063290993,9.668461179,충남 서산 운산면 고풍리 123,1,,콘크리트,전신주,건물,가설건축물,묘지,,,
2022,4,5,13:29,화,2022,4,12,18:00,경북,경북,봉화,봉화,화천,ash,기타(직접입력),화목보일러재투기,130,4.86753445,9.472704636,경북 봉화군 봉화읍 화천리 산 39-1,1,-3,아스팔트,전신주,소나무,초화류 관리X,개천,,,
2020,5,1,20:10,금,2020,5,2,9:00,강원,강원,고성,토성,도원,화재,주택화재비화,주택화재비화,123.2,4.813809051,9.418979237,강원 고성군 토성면 도원리 367-1,1,-2,아스팔트,전신주,소나무,건물,개천,,,
2021,2,21,16:05,일,2021,2,22,18:00,경북,경북,예천,감천,유리,미상,기타(직접입력),미상,112,4.718498871,9.323669057,경북 예천군 감천면 유리 산 79,1,-2,콘크리트,전신주,논밭,건물,가설건축물,,,
2019,1,1,16:12,화,2019,1,2,17:20,강원,강원,양양,서,송천,담,기타(직접입력),담뱃불 실화추정,97.94,4.584355046,9.189525232,강원 양양군 서면 송천리 산 31-1,1,-3,아스팔트,전신주,초화류 관리X,소나무,건물,,,
2016,3,30,14:46,수,2016,3,31,12:33,경북,경북,상주,외서,예의,소각,기타(직접입력),논두렁 소각(볏짚 소각),92.6,4.528289142,9.133459328,경북 상주시 외서면 예의리,2,,아스팔트,전신주,논밭,초화류 관리X,가설건축물,,,
2022,2,26,21:02,토,2022,2,28,14:10,대구,대구,달성,가창,용계,입,기타(직접입력),입산자실화,88.63,4.484470401,9.089640587,대구 달성군 가창면 용계리 산86-12,2,,아스팔트,전신주,축대,건물,호수,,,
2017,5,6,14:10,토,2017,5,8,16:30,경북,경북,상주,사벌,덕가,소각,기타(직접입력),농산부산물소각,86,4.454347296,9.059517482,경북 상주시 사벌면 덕가리 산 108,1,,콘크리트,전신주,논밭,과수원,초화류 관리X,,,
2013,3,9,15:38,토,2013,3,10,8:30,경북,경북,포항 북,,용흥,실화,기타(직접입력),어린이불장난,79,4.369447852,8.974618038,경북 포항시 북구 용흥동 가막골,1,-4,콘크리트,전신주,초화류 관리X,건물,가설건축물,,,
2018,2,11,21:27,일,2018,2,13,21:00,강원,강원,삼척,도계,황조,미상,기타(직접입력),원인미상,76.46,4.336767728,8.941937914,강원 삼척시 도계읍 황조리 산106번지,1,-2,아스팔트,전신주,인도,소나무,안전망,,,
2021,2,21,16:05,일,2021,2,22,9:30,충북,충북,영동,매곡,옥전,ash,기타(직접입력),화목보일러재처리부주의 ,74.9,4.316153891,8.921324077,충북 영동군 매곡면 옥전리 산101,1,-2,아스팔트,전신주,건물,초화류 관리X,가설건축물,,,
2022,4,22,13:33,금,2022,4,23,11:30,강원,강원,양양,현북,원일전,미상,기타(직접입력),미상,70.44,4.254761284,8.85993147,강원 양양군 현북면 원일전리 474,1,-2,콘크리트,전신주,건물,초화류 관리X,소나무,,,
2015,3,22,14:01,일,2015,3,23,10:30,강원,강원,화천,간동,도송,쓰,기타(직접입력),쓰레기 소각,67.3,4.209160237,8.814330423,강원 화천군 간동면 도송리,1,-2,아스팔트,전신주,논밭,가설건축물,건물,,,
2016,4,2,19:42,토,2016,4,3,9:00,경북,경북,예천,용문,상금곡,소각,기타(직접입력),논밭두렁 소각,66.5,4.197201948,8.802372134,경북 예천군 용문면 상금곡리,1,-2,아스팔트,전신주,논밭,초화류 관리X,건물,,,
2018,1,1,21:46,월,2018,1,2,19:00,부산,부산,기장,장안,기룡,기,기타(직접입력),풍등,65,4.17438727,8.779557456,부산 기장군 장안읍 기룡리 산 145 (삼각산 정상),1,-2,콘크리트,가로등,인도,건물,소나무,,,
2019,4,2,15:18,화,2019,4,5,18:00,부산,부산,해운대,반송,,쓰,기타(직접입력),쓰레기 소각,56.9,4.041295341,8.646465527,부산 해운대구 반송동 산 144,1,-2,아스팔트,가로등,건물,논밭,가설건축물,,,
2016,4,5,15:08,화,2016,4,6,10:00,중부,충북,충주,수안보,고운,쓰,기타(직접입력),쓰레기 소각(국:19.7/그외:34.1),53.8,3.985273467,8.590443653,충북 충주시 수안보면 고운리 산 1번지,1,,아스팔트,전신주,소나무,저수지,건물,,,
2015,2,8,13:31,일,2015,2,11,10:00,강원,강원,삼척,가곡,오목,기,기타(직접입력),(화목)보일러 불똥,52,3.951243719,8.556413905,강원 삼척시 가곡면 오목리 산17번지,1,,콘크리트,전신주,소나무,초화류 관리X,축대,,,
2015,3,22,12:50,일,2015,3,22,18:30,경기,경기,여주,북내,중암,쓰,기타(직접입력),쓰레기 소각,50.7,3.925925911,8.531096097,경기 여주시 북내면 중암리 77,2,,아스팔트,가로등,골프장,주차장,건물,,,
2021,2,21,14:41,일,2021,2,22,15:08,경남,경남,하동,악양,미점,담,기타(직접입력),담뱃불실화,49.15,3.894876847,8.500047033,경남 하동군 악양면 미점리 미동골,1,,콘크리트,전신주,건물,논밭,태양광 패널,,,
2020,4,8,11:15,수,2020,4,8,18:05,남부,경북,청송,파천,옹점,입,기타(직접입력),입산자실화,48.2,3.875359021,8.480529207,경북 청송군 파천면 옹점리 산49번지,1,,콘크리트,초화류 관리X,축대,소나무,과수원,,,
2015,3,23,13:11,월,2015,3,24,18:00,강원,강원,홍천,화촌,군업,입,기타(직접입력),입산자 실화추정,37.1,3.61361697,8.218787156,강원 홍천군 화촌면 군업리 군업초등학교(폐교),2,,아스팔트,전신주,논밭,소나무,가설건축물,,,
2020,1,4,13:54,토,2020,1,5,17:10,강원,강원,춘천,신북,발산,담,기타(직접입력),담뱃불실화,34.26,3.533978493,8.139148679,강원 춘천시 신북읍 발산리 산 30-1번지,1,,"콘크리트, 흙길",전신주,건물,초화류 관리X,소나무,,,
2021,2,21,19:25,일,2021,2,22,17:00,충남,충남,논산,벌국,덕목,담,기타(직접입력),"담뱃불실화추정(사:25.25, 국:5.88)",34.13,3.530176763,8.135346949,충남 논산시 벌곡면 덕목리 산24번지 (벌곡낚시터),1,,아스팔트,전신주,건물,가설건축물,소류지,,,
2013,3,9,14:18,토,2013,3,9,18:10,울산,울산,북,시례,,입,기타(직접입력),성묘객실화,33.2,3.502549876,8.107720062,울산 북구 시례동 산 116번지,1,,콘크리트,,건물,소나무,,,,
2018,8,15,12:30,수,2018,8,16,9:00,경북,경북,군위,우보,두북,소각,기타(직접입력),농산폐기물소각추정,31.9,3.46260601,8.067776196,경북 대구 군위군 우보면 두북리,2,,아스팔트,전신주,논밭,수로,소나무,,,
2022,3,4,22:19,금,2022,3,5,21:00,강원,강원,강릉,성산,송암,미상,기타(직접입력),미상,30.89,3.430432507,8.035602693,강원 강릉시 성산면 송암리 산 114-1,6,,아스팔트,소나무,초화류 관리X,가로등,안전망,,,
2022,2,25,12:46,금,2022,3,1,10:00,전남,전남,구례,간전,효곡,작업,기타(직접입력),에초기불꽃,29,3.36729583,7.972466016,전남 구례군 간전면 효곡리 산198,2,,아스팔트,전신주,건물,논밭,소나무,,,
2018,12,28,20:43,금,2018,12,29,16:00,강원,강원,삼척,미로,하정,화재,주택화재비화,주택화재,27,3.295836866,7.901007052,강원 삼척시 미로면 하정리 17번지,1,,콘크리트,전신주,건물,논밭,소나무,,,
2021,2,20,15:50,토,2021,2,22,3:00,동부,강원,정선,여량,구절,ash,기타(직접입력),아궁이재처리부주의,24.56,3.201119103,7.806289289,강원 정선군 여량면 구절리 노추산,1,-2,콘크리트,전신주,논밭,건물,소나무,,,
2017,6,4,12:07,일,2017,6,5,8:15,경북,경북,성주,선남,도흥,쓰,기타(직접입력),생활쓰레기소각,24.18,3.185525845,7.790696031,경북 성주 선남면 도흥리 1143번지,1,,아스팔트,전신주,논밭,가설건축물,건물,,,
2022,3,5,19:15,토,2022,3,13,11:00,대구,대구,달성,가창,오,기,기타(직접입력),산불비화추정,22.96,3.133753571,7.738923757,대구 달성군 가창면 오리 산 39-2,1,,아스팔트,전신주,초화류 관리X,건물,소나무,,,
2019,3,27,17:47,수,2019,3,28,13:40,경북,경북,구미,고아,대망,소각,기타(직접입력),농산폐기물 소각(트랙터 밧줄),22,3.091042453,7.696212639,경북 구미시 고아읍 대망리 산 27(왕산골캠핑장),1,,콘크리트,전신주,가설건축물,건물,논밭,,,
2022,3,2,14:43,수,2022,3,10,18:00,남부,부산,금정,,회동,미상,기타(직접입력),미상,20,2.995732274,7.60090246,부산 금정구 회동동 산 5-3,2,-4,아스팔트,전신주,축대,건물,가설건축물,,,
2021,3,23,15:52,화,2021,3,24,11:00,강원,강원,홍천,화촌,성산,입,기타(직접입력),입산자실화,20,2.995732274,7.60090246,강원 홍천군 화촌면 성산리 산 18,2,,아스팔트,전신주,논밭,건물,가설건축물,,,
2020,4,8,13:21,수,2020,4,9,9:00,경남,경남,함양,병곡,도천,작업,작업장실화,기계톱과열,20,2.995732274,7.60090246,경남 함양군 병곡면 도천리 산4,1,-2,"아스팔트, 콘크리트",전신주,저수지,논밭,건물,,,
2020,4,14,17:48,화,2020,4,15,12:00,북부,강원,철원,서,자등,입,기타(직접입력),입산자실화추정,19,2.944438979,7.549609165,강원 철원군 서면 자등리,1,-4,아스팔트,전신주,건물,소나무,개천,,,
2022,2,26,15:16,토,2022,2,26,23:10,경북,경북,문경,문경,평천,입,기타(직접입력),입산자실화,18.5,2.917770732,7.522940918,경북 문경시 문경읍 평천리 산 18-2,1,-2,콘크리트,전신주,과수원,소나무,건물,,,
2019,3,29,14:59,금,2019,3,30,4:00,경북,경북,의성,가음,현리,입,기타(직접입력),성묘객 실화,18.44,2.914522218,7.519692404,경북 의성군 가음면 현리리 산 29,1,-2,아스팔트,전신주,건물,가설건축물,축대,,,
2020,3,22,13:14,일,2020,3,22,19:50,경북,경북,안동,풍천,어담,소각,기타(직접입력),농산폐기물소각,18.3,2.90690106,7.512071246,경북 안동시 풍천면 어담리 356-1,1,-2,아스팔트,전신주,논밭,가설건축물,건물,,,
2017,12,12,23:53,화,2017,12,13,15:00,울산,울산,북,상안,,화재,기타(직접입력),농막화재 비화,18,2.890371758,7.495541944,울산 북구 상안동,1,-6,콘크리트,전신주,건물,논밭,가설건축물,,,
2018,1,14,19:53,일,2018,1,15,5:30,강원,강원,양양,양양,화일,화재,주택화재비화,주택화재 비화,17.73,2.87525812,7.480428306,강원 양양군 양양읍 화일리 산 207,1,,콘크리트,전신주,가로등,초화류 관리X,건물,,,
2022,2,22,18:15,화,2022,2,23,16:00,전북,전북,남원,산내,대정,입,기타(직접입력),입산자실화추정,16.5,2.803360381,7.408530567,전북 남원시 산내면 대정리 산 18,1,,아스팔트,전신주,초화류 관리X,소나무,건물,,,
2022,3,4,21:54,금,2022,3,5,9:03,경남,경남,함양,마천,가흥,입,기타(직접입력),입산자실화,16.3,2.791165108,7.396335294,경남 함양군 마천면 가흥리 산 19-3,2,-1,아스팔트,전신주,경계석,논밭,개천,,,
2018,4,3,13:45,화,2018,4,3,22:30,경북,경북,고령,개진,구곡,쓰,기타(직접입력),쓰레기소각,16.1,2.778819272,7.383989458,경북 고령군 개진면 구곡1리 대나무 숲,1,,아스팔트,전신주,논밭,태양광 패널,대나무,,,
2013,3,9,15:41,토,2013,3,10,10:10,경북,경북,봉화,재산,상,담,기타(직접입력),담뱃불실화,15,2.708050201,7.313220387,경북 봉화군 재산면 상리 산135,1,,아스팔트,전신주,가설건축물,건물,태양광 패널,,,
2016,4,1,12:45,금,2016,4,1,20:20,강원,강원,양구,남,송우,입,기타(직접입력),입산자 실화추정,14.4,2.667228207,7.272398393,강원 양구군 국토정중면 송우리 비봉산 중턱,2,,아스팔트,전신주,자전거도로,건물,개천,,,
2014,4,24,15:19,목,2014,4,24,22:30,경북,경북,영주,이산,지동,기,기타(직접입력),육묘장 전기누전,14.3,2.660259537,7.265429723,경북 영주시 이산면 지동리,1,-2,아스팔트,전신주,초화류 관리X,논밭,가설건축물,,,
2022,1,10,21:01,월,2022,1,11,17:30,경북,경북,영주,평은,오운,입,기타(직접입력),입산자실화,14.1,2.646174797,7.251344983,경북 영주시 평은면 오운리 산 312,1,,콘크리트,흙길,소나무,초화류 관리X,,,,
2013,5,8,23:00,수,2013,5,9,8:55,남부,경북,영덕,남정,사암,입,기타(직접입력),입산자실화,13.8,2.624668592,7.229838778,경북 영덕군 남정면 사암리,2,-1,아스팔트,전신주,안전망,소나무,건물,,,
2020,3,25,14:03,수,2020,3,25,17:55,경북,경북,안동,도산,문곡,기,기타(직접입력),양봉장불씨부주의,13.2,2.58021683,7.185387016,경북 안동시 도산면 운곡리 7번지,1,,콘크리트,전신주,가설건축물,초화류 관리X,논밭,,,
2018,4,19,19:30,목,2018,4,20,7:00,동부,강원,양양,현남,정자,미상,기타(직접입력),원인미상,13.08,2.571084346,7.176254532,강원 양양군 현남면 정자리,1,-2,아스팔트,전신주,논밭,초화류 관리X,소나무,,,
2022,4,10,12:41,일,2022,4,11,17:00,강원,강원,인제,북,월학,미상,기타(직접입력),미상,13,2.564949357,7.170119543,강원 인제군 북면 월학리 582-7,2,,아스팔트,전신주,가로등,인도,논밭,,,
2018,2,10,7:20,토,2018,2,10,15:25,경북,경북,영덕,창수,인량,미상,기타(직접입력),원인미상,13,2.564949357,7.170119543,경북 영덕군 창수면 인량리,1,-2,콘크리트,전신주,논밭,건물,가설건축물,,,
2016,5,22,11:55,일,2016,5,23,4:00,중부,충북,단양,영춘,사지원,입,기타(직접입력),산나물 채취자 담뱃불 추정,13,2.564949357,7.170119543,충북 단양군 영춘면 사지원리 10-2,1,-2,아스팔트,전신주,가설건축물,건물,논밭,,,
2022,4,20,13:00,수,2022,4,20,20:00,강원,강원,영월,북,마차,기,작업장실화,연소시험으로인한 불씨,12.51,2.526528324,7.13169851,강원 영월군 북면 마차리 산 5-1,2,,아스팔트,전신주,논밭,소나무,안전망,,,
2022,2,10,15:12,목,2022,2,11,0:30,대구,대구,동,,둔산,화재,기타(직접입력),비닐하우스화재(양봉장작업),12.4,2.517696473,7.122866659,대구 동구 둔산동 산 180,1,-2,아스팔트,전신주,안전망,소나무,건물,,,
2018,3,28,12:36,수,2018,3,28,14:40,남부,경북,영양,청기,행화,기,기타(직접입력),야외아궁이불씨비산화,12.4,2.517696473,7.122866659,경북 영양군 청기면 행화리 덕산봉 정상,1,-2,아스팔트,전신주,논밭,건물,가설건축물,,,
2020,4,8,12:30,수,2020,4,8,15:00,강원,강원,영월,주천,도천,작업,작업장실화,산업현장실화(용접불꽃),11.91,2.477378383,7.082548569,강원 영월군 주천면 도천리,2,,아스팔트,전신주,논밭,가설건축물,경계석,,,
2015,3,28,14:40,토,2015,3,28,22:30,동부,강원,평창,미탄,평안,미상,기타(직접입력),원인미상,11.1,2.406945108,7.012115294,강원 평창군 미탄면 평안리,1,,콘크리트,전신주,건물,소나무,가설건축물,,,
2022,3,6,15:45,일,2022,3,7,2:00,울산,울산,울주,언양,직동,입,기타(직접입력),입산자실화,11,2.397895273,7.003065459,울산 울주군 언양읍 직동리 산17-6,1,-4,아스팔트,전신주,가설건축물,건물,논밭,,,
2014,3,8,16:30,토,2014,3,9,17:00,경북,경북,성주,수륜,수륜,입,기타(직접입력),입산자 실화추정,11,2.397895273,7.003065459,경북 성주군 수륜면 수륜리 산75~79 (토실마을),1,,아스팔트,전신주,건물,논밭,가설건축물,,,
2015,3,22,16:04,일,2015,3,22,21:40,강원,강원,홍천,두촌,천현,작업,작업장실화,용접작업 비화,10.8,2.379546134,6.98471632,강원 홍천군 두촌면 천현리,2,-4,콘크리트,전신주,가설건축물,소나무,논밭,,,
2021,3,31,15:38,수,2021,4,1,12:54,강원,강원,정선,신동,운치,작업,기타(직접입력),예초기불씨,10.7,2.370243741,6.975413927,강원 정선군 신동읍 운치리 883-1번지,1,-2,콘크리트,전신주,논밭,가설건축물,수로,,,
2020,3,23,13:09,월,2020,3,23,21:00,울산,울산,울주,두서,전읍,쓰,기타(직접입력),쓰레기소각,10.59,2.35991016,6.965080346,울산 울주군 두서면 전읍리 산3,2,,아스팔트,전신주,초화류 관리X,건물,논밭,,,
2021,1,6,6:14,수,2021,1,6,21:00,경북,경북,영덕,창수,오촌,방화,방화,방화,10.24,2.32630162,6.931471806,경북 영덕군 창수면 오촌리 산1-1,1,-2,아스팔트,전신주,과수원,건물,태양광 패널,,,
2022,2,24,21:04,목,2022,2,25,7:54,경남,경남,창원 마산합포,진전,근곡,작업,작업장실화,작업자실화추정,10.2,2.32238772,6.927557906,경남 창원 마산합포구 진전면 근곡리 109-1,1,,콘크리트,전신주,건물,저수지,초화류 관리X,,,
2021,12,25,15:24,토,2021,12,26,17:10,전남,전남,순천,서,판교,미상,기타(직접입력),미상,10,2.302585093,6.907755279,전남 순천시 서면 판교리 산102-1,1,,흙,,축대,건물,가설건축물,,,
2021,4,29,14:30,목,2021,4,30,12:00,전북,전북,무주,무풍,금평,미상,기타(직접입력),미상,10,2.302585093,6.907755279,전북 무주군 무풍면 금평리 산 15-1,1,-2,아스팔트,전신주,건물,과수원,개천,,,
2015,3,10,13:40,화,2015,3,10,23:00,경북,경북,경주,강동,안계,기,기타(직접입력),군부대 실화(신호탄 발화),10,2.302585093,6.907755279,경북 경주시 강동면 안계리,1,-2,아스팔트,전신주,초화류 관리X,논밭,저수지,,,
2013,3,10,13:05,일,2013,3,10,19:00,경남,경남,거창,위천,당산,쓰,기타(직접입력),쓰레기소각,10,2.302585093,6.907755279,경남 거창군 위천면 당산리,1,-2,아스팔트,전신주,논밭,과수원,건물,,,
2013,3,9,16:00,토,2013,3,9,23:00,경남,경남,합천,가야,이천,담,기타(직접입력),담뱃불실화,10,2.302585093,6.907755279,경남 합천군 가야면 이천리,1,-2,아스팔트,전신주,건물,논밭,개천,,,
2022,4,9,13:17,토,2022,4,9,17:50,충남,충남,청양,목,대평,소각,농산폐기물소각,영농부산물소각,9.93,2.295560478,6.900730664,충남 청양군 목면 대평리 232,1,-5,콘크리트,전신주,가설건축물,개천,초화류 관리X,,,
2020,3,26,12:27,목,2020,3,26,16:20,강원,강원,철원,갈말,문혜,입,기타(직접입력),입산자실화추정,9.85,2.287471455,6.892641641,강원 철원군 갈말읍 문혜리 산192,1,-4,콘크리트,전신주,논밭,건물,소나무,,,
2022,4,12,13:33,화,2022,4,14,18:00,경북,경북,고령,다산,송곡,화재,기타(직접입력),고물상화재전이,9.69,2.271094426,6.876264612,경북 고령군 다산면 송곡리,4,,아스팔트,가로등,논밭,가설건축물,건물,,,
2019,4,3,19:52,수,2019,4,4,8:00,경북,경북,포항 남,대송,장동,입,기타(직접입력),입산자 실화추정,9.6,2.261763098,6.866933284,경북 포항시 남구 대송면 장동리 산 50,1,,콘크리트,전신주,초화류 관리X,건물,수로,,,
2018,8,17,13:46,금,2018,8,17,18:20,강원,강원,춘천,동,월곡,입,기타(직접입력),입산자실화추정,9.4,2.240709689,6.845879875,강원 춘천시 동면 월곡리,1,-2,콘크리트,전신주,건물,가설건축물,소나무,,,
2022,2,22,14:37,화,2022,2,24,1:30,경북,경북,의성,의성,중리,기,기타(직접입력),전기목책지합선,9.2,2.219203484,6.82437367,경북 의성군 의성읍 중리리 산60-1,1,-2,콘크리트,전신주,목재,초화류 관리X,소나무,,,
2019,1,28,13:05,월,2019,1,28,16:05,부산,부산,기장,철마,웅천,쓰,기타(직접입력),쓰레기 소각에 의한 농막 소실,9.14,2.212660385,6.817830571,부산 기장군 철마면 웅천리 거문산,1,-2,콘크리트,전신주,축대,초화류 관리X,건물,,,
2022,2,26,16:39,토,2022,2,27,10:55,강원,강원,인제,기린,현,ash,기타(직접입력),화목난로재투기,8.69,2.162172939,6.767343125,강원 인제군 기린면 현리 738-3,2,,아스팔트,전신주,건물,논밭,개천,,,
2022,2,15,13:04,화,2022,2,15,22:30,경북,경북,성주,선남,관화,화재,주택화재비화,공장화재비화,8.53,2.143589362,6.748759547,경북 성주군 선남면 관화리 산33-15,1,,콘크리트,전신주,초화류 관리X,안전망,소나무,,,
2016,3,31,3:00,목,2016,3,31,18:30,북부,경기,양주,장흥,울대,방화,방화,방화 추정(국:3/사:5.3),8.3,2.116255515,6.721425701,경기 양주시 장흥면 울대리,1,-8,아스팔트,가로등,안전망,소나무,중앙분리대식재,,,
2022,2,25,14:25,금,2022,2,25,23:00,경남,경남,함양,함양,죽림,입,기타(직접입력),입산자실화추정,8.03,2.083184528,6.688354714,경남 함양군 함양읍 죽림리 산61-7,3,,아스팔트,전신주,가설건축물,건물,소나무,,,
2022,4,9,13:49,토,2022,4,9,18:18,경기,경기,남양주,진접,진벌,입,성묘객실화,성묘객실화,8,2.079441542,6.684611728,경기 남양주시 진접읍 진벌리 산 23-1,1,,콘크리트,전신주,초화류 관리X,소나무,등산로,,,
2022,4,4,19:43,월,2022,4,5,0:50,경기,경기,하남,,학암,미상,기타(직접입력),미상,8,2.079441542,6.684611728,경기 하남시 학암동 산 105-7,2,-1,아스팔트,가로등,인도,건물,가로수,,,
2022,3,12,14:09,토,2022,3,12,0:00,북부,강원,홍천,서석,생곡,쓰,쓰레기소각,생활쓰레기소각,8,2.079441542,6.684611728,강원 홍천군 서석면 생곡리 산41-3,2,-1,아스팔트,전신주,가설건축물,논밭,소나무,,,
2022,3,5,13:36,토,2022,3,6,16:30,경기,경기,안산,상록,장상,화재,기타(직접입력),건축물실화,8,2.079441542,6.684611728,경기 안산시 상록구 장상동 산19-1,1,,콘크리트,전신주,논밭,건물,가설건축물,,,
2020,3,15,14:55,일,2020,3,15,20:32,인천,인천,연수,,옥련,입,기타(직접입력),입산자실화추정,7,1.945910149,6.551080335,인천 연수구 옥련동 산 29-6,1,,아스팔트,전신주,건물,초화류 관리X,안전망,,,
2019,4,1,16:10,월,2019,4,2,10:00,전남,전남,순천,승주,유평,미상,기타(직접입력),원인미상,7,1.945910149,6.551080335,전남 순천시 승주읍 유평리 산 18-1,1,-2,콘크리트,전신주,건물,호수,소나무,,,
2018,2,17,14:20,토,2018,2,17,23:00,경북,경북,영덕,창수,오촌,미상,기타(직접입력),원인미상,7,1.945910149,6.551080335,경북 영덕군 창수면 오촌리,2,,아스팔트,전신주,가설건축물,건물,논밭,,,
2016,4,2,14:57,토,2016,4,2,19:00,경기,경기,가평,가평,개곡,입,기타(직접입력),입산자 실화추정,7,1.945910149,6.551080335,경기 가평군 가평읍 개곡리,2,,아스팔트,전신주,가설건축물,논밭,개천,,,
2015,3,4,11:40,수,2015,3,5,8:00,동부,강원,정선,여량,구절,화재,주택화재비화,펜션화재 비화,7,1.945910149,6.551080335,강원 정선군 여량면 구절리,2,,아스팔트,전신주,건물,가설건축물,개천,,,
2013,4,13,21:20,토,2013,4,14,8:30,충남,충남,논산,벌곡,신양,기,기타(직접입력),풍등에 의한 실화,7,1.945910149,6.551080335,충남 논산시 벌곡면 신양리 진달래공원묘원,2,,콘크리트,전신주,소나무,주차장,가설건축물,,,
2022,3,4,2:34,금,2022,3,4,9:00,경북,경북,성주,초전,소성,기,기타(직접입력),가로등누전(CCTV확인),6.54,1.877937165,6.483107351,경북 성주군 초전면 소성리 산15-6,2,,아스팔트,전신주,가설건축물,자전거도로,건물,,,
2017,11,10,1:20,금,2017,11,10,14:30,북부,경기,파주,적성,설마,기,무속행위,무속행위 추정,6.5,1.871802177,6.476972363,경기 파주시 적성면 설마리 감악산 7~8부 능선,2,,아스팔트,전신주,인도,건물,안전망,,,연화등
2017,6,23,14:19,금,2017,6,24,16:00,중부,충남,금산,제원,대산,입,기타(직접입력),입산자실화추정,6.3,1.840549633,6.445719819,충남 금산군 제원면 대산리 천앙산,1,,콘크리트,전신주,건물,논밭,가설건축물,,,
2020,4,4,16:10,토,2020,4,4,20:00,경기,경기,남양주,진접,부평,화재,기타(직접입력),건축물실화,6.2,1.824549292,6.429719478,경기 남양주시 진접읍 부평리 산 8-5,1,,아스팔트,전신주,가설건축물,건물,논밭,,,
2013,2,28,13:00,목,2013,2,28,18:00,전남,전남,곡성,겸,괴정,소각,기타(직접입력),밭두렁소각,6,1.791759469,6.396929655,전남 곡성군 겸면 괴정리,2,,아스팔트,전신주,가설건축물,논밭,건물,,,
2017,5,7,14:45,일,2017,5,8,7:00,경북,경북,영덕,영해,사진,담(도),기타(직접입력),도로변담뱃불추정,5.9,1.774952351,6.380122537,경북 영덕군 영해면 사진리 산 70,2,,아스팔트,전신주,가설건축물,건물,해양,,,
2022,1,10,22:26,월,2022,1,11,17:45,경남,경남,창녕,성산,대산,입,기타(직접입력),입산자실화추정,5.5,1.704748092,6.309918278,경남 창녕군 성산면 대산리 산 65,1,,콘크리트,전신주,가설건축물,건물,논밭,,,
2022,5,31,12:51,화,2022,6,1,12:30,대구,대구,달성,하빈,기곡,소각,농산폐기물소각,농산폐기물소각,5.3,1.667706821,6.272877007,대구 달성군 하빈면 기곡리 554,1,,콘크리트,전신주,건물,논밭,가설건축물,,,
2022,12,14,4:49,수,2022,12,14,14:00,강원,강원,삼척,근덕,동막,미상,기타(직접입력),미상,5.2,1.648658626,6.253828812,강원 삼척시 근덕면 동막리,2,,아스팔트,전신주,건물,가설건축물,개천,,,
2019,5,5,14:25,일,2019,5,5,22:00,북부,강원,인제,남,소치,ash,기타(직접입력),숯불 재 투기,5.2,1.648658626,6.253828812,강원 인제군 남면 소치리 600번지,2,,아스팔트,전신주,건물,논밭,개천,,,
2017,3,11,15:13,토,2017,3,11,18:30,경북,경북,영천,화남,죽곡,소각,기타(직접입력),밭두렁소각,5.2,1.648658626,6.253828812,경북 영천시 화남면 죽곡리,2,,아스팔트,전신주,논밭,가설건축물,건물,,,
2022,11,25,19:00,금,2022,11,28,14:25,전북,전북,완주,운주,구제,미상,기타(직접입력),미상,5,1.609437912,6.214608098,전북 완주군 운주면 구제리 산 71-1,1,,콘크리트,전신주,논밭,건물,개천,,,
2022,4,25,14:50,월,2022,4,25,21:00,전남,전남,곡성,옥과,합강,쓰,쓰레기소각,생활쓰레기소각,5,1.609437912,6.214608098,전남 곡성군 옥과면 합강리 산146-1,2,,아스팔트,전신주,논밭,가설건축물,건물,,,
2022,4,2,15:22,토,2022,4,3,14:40,전북,전북,무주,설천,소천,기,기타(직접입력),양봉훈증불씨취급부주의,5,1.609437912,6.214608098,전북 무주군 설천면 소천리 산 27,2,,아스팔트,전신주,논밭,가설건축물,건물,,,
2022,3,5,15:30,토,2022,3,5,17:50,충남,충남,당진,송산,명산,미상,기타(직접입력),미상,5,1.609437912,6.214608098,충남 당진시 송산면 명산리 산 20-1,2,,아스팔트,전신주,논밭,가설건축물,건물,,,
2021,8,18,13:30,수,2021,8,18,19:20,충남,충남,부여,장암,지토,입,기타(직접입력),입산자실화추정,5,1.609437912,6.214608098,충남 부여군 장암면 지토리 산144-1,1,,콘크리트,전신주,논밭,가설건축물,건물,,,
2019,1,24,18:10,목,2019,1,25,0:05,경기,경기,가평,북,화악,기,기타(직접입력),(화목)난로 부주의,5,1.609437912,6.214608098,경기 가평군 북면 화악리 가덕산,2,,아스팔트,전신주,흙길,건물,논밭,,,
2017,12,5,6:31,화,2017,12,5,16:00,경남,경남,산청,시천,신천,기,주택화재비화,축사누전추정,5,1.609437912,6.214608098,경남 산청군 시천면 신천리 산70,1,,콘크리트,전신주,건물,가설건축물,논밭,,,
2015,6,4,6:23,목,2015,6,4,19:30,경기,경기,포천,이동,도평,미상,기타(직접입력),원인미상,5,1.609437912,6.214608098,경기 포천시 이동면 도평리,2,,아스팔트,전신주,건물,논밭,개천,,,
2015,3,8,11:23,일,2015,3,12,18:00,전남,전남,장성,진원,진원,입,기타(직접입력),낚시꾼 취사행위 실화,5,1.609437912,6.214608098,전남 장성군 진원면 진원리 붙태산,2,,아스팔트,전신주,논밭,건물,가설건축물,,,
2013,3,9,15:53,토,2013,3,10,7:10,충남,충남,공주,우성,한천,소각,기타(직접입력),농산폐기물소각,5,1.609437912,6.214608098,충남 공주시 우성면 한천리,1,,아스팔트,전신주,논밭,가설건축물,건물,,,
2013,3,9,12:40,토,2013,3,9,18:30,울산,울산,울주,청량,삼정,작업,기타(직접입력),작업장용접,5,1.609437912,6.214608098,울산 울주군 청량면 삼정리,2,,아스팔트,전신주,논밭,가설건축물,건물,,,
